INSERT INTO gejala ("id", "nama", "keterangan", "appId", "deleted") VALUES
(1, 'sebelum padi berbunga disebut sundep', '', '', False),
(2, 'Padi berbunga/malai disebut beluk', '', '', False),
(3, 'Telur diletakkan pada batang tanaman padi', '', '', False),
(4, 'Pucuk batang padi kering-mudah di cabut dan berwarna kuning', '', '', False),
(5, 'Bulir padi hampa', '', '', False),
(6, 'Daun berwarna putih kering', '', '', False),
(7, 'Tinggal tulang daun', '', '', False),
(8, 'Pucuk daun terlihat berbekas potong', '', '', False),
(9, 'Terdapat ulat pada gulungan daun sampai jadi pupa', '', '', False),
(10, 'terdapat pada lipatan daun', '', '', False),
(11, 'menyerang daun bendera, sehingga hanya tinggal tulang daun', '', '', False),
(12, 'terdapat spot-spot pada tanaman padi', '', '', False),
(13, 'menghisap cairan sel tanaman sehingga tanaman kering dan menimbulkan efek seperti terbakar', '', '', False),
(14, 'siklus hidup sekitar 25 hari', '', '', False),
(15, 'menghisap bulir padi yang sedang  masak susu', '', '', False),
(16, 'malai yang dihisap menjadi hampa', '', '', False),
(17, 'hilangnya cairan menjadi hampa dan berwarna cokelat kehitaman', '', '', False),
(18, 'menghisap cairan pelepah dan batang yang menyebabkan warna cokelat disekitar bagian yang dihisap', '', '', False),
(19, 'tanaman tumbuh terhambat, berwarna kekuning-kuningan dan akhirnya mati membusuk', '', '', False),
(20, 'telur diletakkan satu persatu pada  permukaan atas atau bawah daun', '', '', False),
(21, 'larva tinggal dipucuk daun yang belum terbuka', '', '', False),
(22, 'larva serangga ganjur memakan tanaman padi pada titik tumbuh yang menyebabkan daun tumbuh berbentuk gulungan seperti daun bawang', '', '', False),
(23, 'tunas padi yang tumbuh berbentuk pentil', '', '', False),
(24, 'anakan yang terserang ganjur tidak dapat membentuk malai', '', '', False),
(25, 'menyerang memakan daun, batang dan akar tanaman padi yang masih muda', '', '', False),
(26, 'tanaman padi menjadi terpotong dan putus', '', '', False),
(27, 'tanaman menjadi layu dan akhirnya mati', '', '', False),
(28, 'lebih  menyukai tanaman berakar serabut', '', '', False),
(29, 'aktif pada malam hari', '', '', False),
(30, 'tanaman yang terserang biasanya yang paling pinggir atau gundukan-gundukan tananaman ditengah sawah', '', '', False),
(31, 'Pada daun timbul bercak oval/ellips', '', '', False),
(32, 'Ujung-ujungnya meruncing mirip belah ketupat', '', '', False),
(33, 'Dapat menyerang buku tanaman, malai dan gabah', '', '', False),
(34, 'Stadia kritis tanaman terjadi mulai umur 1 bulan(padi gogo, anakan maksimum, bunting dan awal berbunga', '', '', False),
(35, 'Bercak berbentuk lonjong, berwarna kelabu berukuran mulai 10mm-3cm', '', '', False),
(36, 'Sklerotia yang berbentuk bulat berwarna putih sampai cokelat', '', '', False),
(37, 'Stadia kritis tanaman adalah mulai persemaian sampai menjelang panen', '', '', False),
(38, 'Bercak bewarna cokelat tua, berbentuk oval sampai bulat, berukuran sebesar biji wijen dengan titik tengah berwarna abu-abu atau putih', '', '', False),
(39, 'Dapat pula muncul pada malai, pelepah dan gabah', '', '', False),
(40, 'Stadia kritis tanaman terjadi mulai persemaian (dari gabah teinfeksi berat) sampai menjelang panen', '', '', False),
(41, 'Daun timbul bercak sempit dan berwarna cokelat', '', '', False),
(42, 'Bercak makin ketepi, warna daun makin pucat', '', '', False),
(43, 'Pada varietas rentan, bercak lebih besar dengan pucat bercak yang lebih kecil dan berwarna terang', '', '', False),
(44, 'Pada vase vegeratif tanaman yang terinfeksi menjadi kerdil', '', '', False),
(45, 'Pada vase generatif daun bendera terpuntir, robek-robek atau berombak', '', '', False),
(46, 'Anakan bercabang, pembungaan terhambat, pertumbuhan malai tidak sempurna dan hampa', '', '', False),
(47, 'Anakan bercabang, pembungaan terhambat, pertumbuhan malai tidak sempurna dan hampa', '', '', True),
(48, 'Virus ditularkan oleh wereng cokelat', '', '', False),
(49, 'Tanaman kerdil, jumlah anakan banyak, tidak produktif dan sempit', '', '', False),
(50, 'Berwarna kekuning-kuningan dengan bercak-bercak cokelat', '', '', False),
(51, 'Kehilangan hasil makin tinggi bila tanaman terinfeksi pada umur kurang dari 60 hst', '', '', False),
(52, 'Bibit yang terinfeksi terkadang 2 kali lebih tinggi dari pada tananam normal', '', '', False),
(53, 'Daun tipis hijau kekuningan', '', '', False),
(54, 'Tanaman memanjang mati, gejalanya berupa tanaman kerdil dan membusuk pangkalnya atau bibit mati', '', '', False),
(55, 'Daun bendera yang hijau pucat berbeda jelas dibandingkan warna tanaman umumnya', '', '', False),
(56, 'Daun ditandai oleh timbulnya bercak berbentuk bulat atau bulat telur berwarna merah kekuningan atau merah cokelat kekuningan', '', '', False),
(57, 'Daun bergaris merah dan mengering', '', '', False),
(58, 'Masa pembungaan menjadi tidak serempak sehingga proses pematangan bulir menjadi tidak serempak', '', '', False),
(59, 'Pertumbuhan tanaman terhambat, kerdil dan jumlah anakan berkurang', '', '', False),
(60, 'Pertumbuhan tanaman terhambat, kerdil dan jumlah anakan berkurang', '', '', True),
(61, 'Daun menguning sampai jingga dari mulai pucuk kearah pangkal', '', '', False),
(62, 'Ada titik-titik sklerotium(bintik hitam)', '', '', False),
(63, 'Bercak bercincin', '', '', False),
(64, 'Bercak berbentuk jorong', '', '', False),
(65, 'Terdapat bercak pada daun', '', '', False),
(66, 'Munculnya bintik-bintik pada daun yang sempit dan gelap/gelap kuning hijau dan buram', '', '', False),
(67, 'Pucuk daun menguning kemudian menjalar melalui pingir daun hingga ke pangkal', '', '', False),
(68, 'Pada serangan berat, daun padi akan tampak mengering', '', '', False),
(69, 'Munculnya puru akar, luka pada akar, ujung akar rusak dan akar membusuk', '', '', False),
(70, 'Pertumbuhan tanaman terhambat karena tidak dapat menyerap unsur hara', '', '', False),
(71, 'Busuk akar/umbi', '', '', False),
(72, 'Percabangan akar yang berlebihan dan ujung akar yang mati', '', '', False);


INSERT INTO hama_penyakit ("id", "nama", "keterangan", "appId", "deleted") VALUES
(1, 'penggerek batang padi', '', '', True),
(2, 'penggerek batang padi', '', '', False),
(3, 'hama putih', '', '', False),
(4, 'hama putih palsu', '', '', False),
(5, 'wereng coklat', '', '', False),
(6, 'walang sangit', '', '', False),
(7, 'kepinding tanah', '', '', False),
(8, 'lalat pucuk padi', '', '', False),
(9, 'ganjur', '', '', False),
(10, 'keong mas', '', '', False),
(11, 'anjing tanah', '', '', False),
(12, 'blas', '', '', False),
(13, 'hawar pelepah', '', '', False),
(14, 'bercak daun coklat', '', '', False),
(15, 'bercak coklat bergaris', '', '', False),
(16, 'kerdil hampa', '', '', False),
(17, 'kerdil rumput', '', '', False),
(18, 'bakanae', '', '', False),
(19, 'bakteri daun jingga', '', '', False),
(20, 'tungro', '', '', False),
(21, 'lapuk daun', '', '', False),
(22, 'bakteri daun bergaris', '', '', False),
(23, 'kresek/hawar daun', '', '', False),
(24, 'nematoda', '', '', False);


INSERT INTO record ("id", "waktu", "desa", "umurPadi", "solusi", "lahan", "similarity", "tipe", "idHamaPenyakit", "idAddedBy") VALUES
(1, '2016-01-04 00:00:00', 'Tuapukan', 'Vegetatif', '["Pengolahan lahan dan pengolahan tanah untuk persemaian dilakukan bersamaan agar ulat yang melakukan jeda sementaradalam siklus hidupnya (diapause) yaitu Penggerek Batang Padi dapat terbunuh\\n","Pemotongan jerami < 5cm dari permukaan tanah\\n","Pengumpulan dan inkubasi kelompok telur agar parasitoid yang muncul dapat dilepaskan kembali\\n","Pemasangan lampu petromax atau lampu listrik untuk penangkapan ngengat \\n","Eradikasi selektif tanaman terserang\\n","Penggunaan insektisida yang diijinkan dan efektif bila serangan sundep > 5%\\n"]', '', 1, 'CASE', 2, 5),
(2, '2016-01-07 00:00:00', 'Tuapukan', 'Vegetatif', '["Pembersihan lahan terutama gulma jenis rumput-rumputan yaitu E. Colonum\\n","Pemanfaatan agens hayati\\n","Pengeringan tanaman terserang selama 2-3 hari\\n","Pemeliharaan ikan atau pengembangan itik, sebaiknya bila tanaman sudah kuat yaitu > 21 hst\\n","Penggunaan insektisida diijinkan dan efektif bila intensitas serangan pada daun bendera 25%\\n"]', '', 1, 'CASE', 3, 5),
(3, '2016-01-11 00:00:00', 'Oesao', 'Vegetatif', '["Waktu tanam dilakukan lebih awal, yaitu 1.5 bulan sebelum puncak curah hujan tertinggi, sehingga pada saat kelembaban tinggi, tanaman sudah mencapai fase generatif\\n","Usaha penanaman dini perlu dilakukan serentak\\n","Jarak tanam yang terlalu rapat akan menguntungkan bagi perkembangan hama ganjur\\n","Dianjurkan menanam dengan jarak tanam 20-25 cm dan dengan jumlah bibit 2-3 bibit\\n","Perlu dilakukan penyiangan untuk menekan perkembangan hama ganjur\\n","Penggunaan insektisida butiran/cairan dengan dosis 0.5-1.0 kg bahan aktif/ha apabila ditemukan puru ? 10% dengan parasitasi 50% pada tanaman berumur ? 40 hst\\n"]', '', 1, 'CASE', 9, 5),
(4, '2016-01-14 00:00:00', 'Oesao', 'Vegetatif', '["Eradikasi selektif terhadap tanaman sakit pada stadia tanaman vegetatif dan pada stadia generatif\\n","Pengendalian vektor wereng cokelat untuk menekan penularan penyakit ini\\n","Sanitasi tanaman inang\\n"]', '', 1, 'CASE', 16, 5),
(5, '2016-01-14 00:00:00', 'Pukdale', 'Vegetatif', '["Pengolahan lahan dan pengolahan tanah untuk persemaian dilakukan bersamaan agar ulat yang melakukan jeda sementaradalam siklus hidupnya (diapause) yaitu Penggerek Batang Padi dapat terbunuh\\n","Pemotongan jerami < 5cm dari permukaan tanah\\n","Pengumpulan dan inkubasi kelompok telur agar parasitoid yang muncul dapat dilepaskan kembali\\n","Pemasangan lampu petromax atau lampu listrik untuk penangkapan ngengat \\n","Eradikasi selektif tanaman terserang\\n","Penggunaan insektisida yang diijinkan dan efektif bila serangan sundep > 5%\\n"]', '', 1, 'CASE', 2, 5),
(6, '2016-01-18 00:00:00', 'Pukdale', 'Vegetatif', '["Eradikasi inang\\n","Pergiliran tanaman dan varietas\\n","Pembersihan lahan dari singgang\\n","Pengendalian vektor\\n","Sanitasi/eradikasi tanaman terserang\\n"]', '', 1, 'CASE', 17, 5),
(7, '2016-01-21 00:00:00', 'Nunkurus', 'Vegetatif', '["Pengolahan tanah secara baik, sehingga lahan bersih dari sisa tanaman terserang atau singgang yang terinfeksi virus\\n","Sebar benih minimal 5 hari setelah selesai pengolahan tanah\\n","Pergiliran varietas tahan\\n","Hindari penggunaan bibit dari daerah serangan tungro\\n","Musnahkan bibit yang terserang\\n","Persemaian berkelompok\\n","Penggunaan karbofuran sebelum menyebar benih dengan cara benamkan dalam tanah dengan dosis 4 kg/500m2\\n"]', '', 1, 'CASE', 20, 5),
(8, '2016-01-21 00:00:00', 'Nunkurus', 'Vegetatif', '["Penggunaan pupuk nitrogen sesuai dengan anjuran (tidak dianjurkan dosis tinggi)\\n","Pelakuan benih dengan fungisida\\n","Eradikasi selektif tanaman terserang\\n","Pergantian varietas (pada daerah tertentu hindar pemakaian IR-42)\\n","Jangan menggunakan benih dari areal yang sudah terinfeksi\\n"]', '', 1, 'CASE', 18, 5),
(9, '2016-01-25 00:00:00', 'Tuapukan', 'Vegetatif', '["buat parit disekeliling lahan sedalam 20 cm dan lebar 20 cm, sehingga siput mengumpul ditempat tersebut pada saat sawah dikeringkan\\n","untuk mengumpulkan kelompok telur siput murbei yaitu dengan cara memasang tonggak kayu (ajir) di persawahan sebagai tempat peletakan telur\\n","pada saluran pemasukan air pertama dipasang saringan untuk mencegah siput murbei masuk ke petakan sawah\\n","dengan jalan melepas beberapa jenis ikan atau itik dipersawahan agar memangsa siput (jenis ikan yang dapat memangsa siput yang baru menetas adalah ikan mas dan mujair)\\n","pengendalian dengan cara lain secara spesifik lokasi\\n"]', '', 1, 'CASE', 10, 5),
(10, '2016-01-28 00:00:00', 'Tuapukan', 'Vegetatif', '["Sanitasi lahan\\n","Pemusnahan singgang, pola tanam dan perencanaan pergiliran  tanaman\\n","Pergiliran varietas sesuai dengan biotipe dan musim tanam\\n","Pemantauan populasi wereng cokelat dan musuh alami\\n","Penggunaan insektisida yang diijinkan dan efektif pada : populasi > 10 ekor/rumpun pada tanaman berumur < 40 hst dan > 40 ekor/rumpun pada tanaman berumur > 40 hst.\\n"]', '', 1, 'CASE', 5, 5),
(11, '2016-02-01 00:00:00', 'Oesao', 'Vegetatif', '["Sanitasi sisa tanaman sakit, singgang dan tanaman inang lainnya\\n","Penggunaan varietas tahan\\n","Penggunaan benih sehat\\n","Hindari penggunaan pupuk N berlebihan\\n","Jarak tanam tidak terlalu rapat\\n","Perbaikan sistem pembuangan air\\n","Pengeringan berkala, yaitu 1 hari diairi dan 3-4 hari dikeringkan, bila penyakit tersebut sudah menunjukkan gejala\\n"]', '', 1, 'CASE', 13, 5),
(12, '2016-02-04 00:00:00', 'Oesao', 'Vegetatif', '["Penggunaan varietas tahan\\n","Penggunaan benih yang baik dan sehat; benih diambil bukan dari daerah serangan. Dianjurkan sebelum disemai benih direndam dengan air, benih yang terapung dibuang\\n","Pemupukan berimbang\\n","Pengaturan jarak tanam untuk mengurangi kelembaban lingkungan disekitar tanaman\\n","Sanitasi lingkungan pertanaman\\n"]', '', 1, 'CASE', 19, 5),
(13, '2016-02-08 00:00:00', 'Pukdale', 'Vegetatif', '["Sanitasi inang pada saluran-saluran irigasi\\n","Pemupukan berimbang, hindari pemupukan N secara berlebihan\\n","Sanitasi rerumputan sumber patogen\\n","Pengeringan berkala, yaitu 1 hari diairi dan 3-4 hari dikeringkan\\n"]', '', 1, 'CASE', 23, 5),
(14, '2016-02-11 00:00:00', 'Pukdale', 'Vegetatif', '["Rotasi tanam\\n","Penerapan pola tanam campur\\n","Penggunaan benih bebas nematoda\\n","Pengolahan lahan yang baik\\n","Penggunaan pestisida\\n"]', '', 1, 'CASE', 24, 5),
(15, '2016-02-11 00:00:00', 'Nunkurus', 'Vegetatif', '["Pengolahan lahan dan pengolahan tanah untuk persemaian dilakukan bersamaan agar ulat yang melakukan jeda sementaradalam siklus hidupnya (diapause) yaitu Penggerek Batang Padi dapat terbunuh\\n","Pemotongan jerami < 5cm dari permukaan tanah\\n","Pengumpulan dan inkubasi kelompok telur agar parasitoid yang muncul dapat dilepaskan kembali\\n","Pemasangan lampu petromax atau lampu listrik untuk penangkapan ngengat \\n","Eradikasi selektif tanaman terserang\\n","Penggunaan insektisida yang diijinkan dan efektif bila serangan sundep > 5%\\n"]', '', 1, 'CASE', 2, 5),
(16, '2016-02-15 00:00:00', 'Nunkurus', 'Generatif', '["Pembersihan lahan terutama gulma jenis rumput-rumputan yaitu E. Colonum\\n","Pemanfaatan agens hayati\\n","Pengeringan tanaman terserang selama 2-3 hari\\n","Pemeliharaan ikan atau pengembangan itik, sebaiknya bila tanaman sudah kuat yaitu > 21 hst\\n","Penggunaan insektisida diijinkan dan efektif bila intensitas serangan pada daun bendera 25%\\n"]', '', 1, 'CASE', 4, 5),
(17, '2019-04-15 11:30:13', 'Oesao', 'Generatif', '["buat parit disekeliling lahan sedalam 20 cm dan lebar 20 cm, sehingga siput mengumpul ditempat tersebut pada saat sawah dikeringkan\\n","untuk mengumpulkan kelompok telur siput murbei yaitu dengan cara memasang tonggak kayu (ajir) di persawahan sebagai tempat peletakan telur\\n","pada saluran pemasukan air pertama dipasang saringan untuk mencegah siput murbei masuk ke petakan sawah\\n","dengan jalan melepas beberapa jenis ikan atau itik dipersawahan agar memangsa siput (jenis ikan yang dapat memangsa siput yang baru menetas adalah ikan mas dan mujair)\\n","pengendalian dengan cara lain secara spesifik lokasi\\n"]', NULL, 0.25, 'RECORD', 10, 5);


INSERT INTO record_list_gejala_gejala ("recordId", "gejalaId") VALUES
(1, 1),
(1, 3),
(2, 6),
(2, 8),
(2, 9),
(3, 22),
(3, 23),
(3, 24),
(4, 44),
(4, 45),
(4, 48),
(5, 3),
(5, 4),
(6, 49),
(6, 51),
(7, 59),
(8, 53),
(8, 55),
(9, 25),
(9, 26),
(10, 12),
(10, 13),
(11, 35),
(11, 36),
(12, 57),
(12, 58),
(13, 67),
(13, 68),
(14, 69),
(14, 70),
(14, 71),
(14, 72),
(15, 1),
(15, 2),
(15, 3),
(16, 10),
(17, 2),
(17, 3);